relative_path,fractal
test/98d297c6-e24e-4f49-a7b1-d4020dc62d39.png,mandelbrot
test/c6b52d9d-b975-4587-9bc3-ad44c2e467cc.png,sierpinski
test/596ae95b-990b-4c0f-842b-bbc77c38bf41.png,mandelbrot
test/57451f38-2643-454b-8926-8f004757a779.png,julia
test/e89802a7-5e7e-4f94-b37d-12c990e84072.png,tree
test/42975be2-3de3-4748-b3e1-435a354a5dac.png,julia
test/5b4ff812-0d47-4bae-837d-86838a382c72.png,sierpinski_carpet
test/41f41bcb-c1da-40de-bf19-245ce7d03450.png,tree
test/0a94ddc8-84e0-47e2-bdff-75ce97a847b2.png,newton
test/b37f8942-6081-4c26-a5f8-2d904314c371.png,mandelbrot
test/6a8f9301-4f69-42ee-b1a1-919015b1bd31.png,julia
test/57cae04b-05b7-4996-9f3e-088973d14aef.png,sierpinski
test/06a6ae33-883c-498c-9b83-f221e7f49edf.png,barnsley
test/ca0f3b89-d5dc-4ca5-9d51-6252716189ee.png,sierpinski_carpet
test/84162526-19df-48bb-8a17-217957efd2a1.png,sierpinski
test/006637c6-2255-4b62-91b6-f6a40af8b3d6.png,sierpinski
test/5a99991d-48c6-495a-b9ac-8c874159f2ce.png,sierpinski_carpet
test/8f427e55-c529-42e1-8e61-15ad83645a88.png,sierpinski_carpet
test/4ae7f79b-9f94-413b-9042-1753c8acf1f7.png,dragon
test/e4d42f95-2ec6-4100-a9c6-02834611d5a7.png,dragon
test/40e578a8-b6fb-4625-bb00-4e09e31899c5.png,mandelbrot
test/298eabc9-22d4-4e7a-80ea-ab9723beab05.png,sierpinski
test/c9d63b33-eca1-42af-b046-97b837470bf4.png,sierpinski
test/0c7f814d-cd32-4117-9c19-547634c1ccf0.png,julia
test/846e23ae-851a-4de4-a2f6-c334ec6e5bd8.png,sierpinski
test/7e9a1dc4-db8a-41c5-854f-938dc5234dbb.png,julia
test/6381dc99-8a53-4691-92d9-942b9cebcdd9.png,sierpinski
test/c7732b2e-24ef-42af-a7e8-43fcbbfc29dd.png,sierpinski_carpet
test/50163246-52f0-4078-993e-b938f398de48.png,dragon
test/5dd339f2-679c-4fd6-8c7d-9ce0c9239694.png,sierpinski_carpet
test/f9ab3e4f-96ff-4999-8c90-ad755f6a319c.png,julia
test/d63a2685-ef21-4489-8ca2-1463e14d738d.png,mandelbrot
test/9c0067e9-0f8f-454f-90b2-bd9a7e150f57.png,barnsley
test/d599e8c3-99f7-49b7-b258-ecd4dc9170f6.png,sierpinski
test/0d683b47-93b7-4e38-9449-0dbec60ec368.png,sierpinski
test/13993da8-825c-4ad3-947c-fc41a3c2354f.png,mandelbrot
test/97746f4e-82dd-41b5-adbc-0939e831c3d5.png,dragon
test/848f441f-62f8-4453-ab91-2de39954fb9e.png,newton
test/8dd9d52c-9639-4b48-bb33-02a2a3b4d13e.png,newton
test/1a478c27-2bf8-431c-b85c-3095962a68b6.png,sierpinski
test/82e037d9-34ac-4ec8-868c-8cb418cfe2be.png,koch
test/45641f6e-aaf1-4dc3-b816-5f3620303648.png,julia
test/58069642-294d-40c0-b969-00ccf4eb4ed5.png,mandelbrot
test/60081211-defa-40ff-93d9-5511466d826c.png,sierpinski_carpet
test/a7c8b824-7742-40d9-a965-f87c9639d6f2.png,koch
test/1e5f3694-3b5c-4486-9c6b-af9691db32c7.png,tree
test/2a3a3402-8163-4dc1-9ab3-8ac237916c54.png,barnsley
test/11ad6f31-7941-4134-848c-16d3d680e76c.png,julia
test/aca300bf-ed4d-4fca-a6c5-f8e05be831de.png,tree
test/c05e81ec-cd3e-4ff2-bffb-cb7c82a6a238.png,koch
test/ce8877b0-309e-4863-8560-8f3270aa9854.png,barnsley
test/12f8ab8a-98d3-4925-a22a-38aff45398dd.png,barnsley
test/d99944b0-53c0-4a02-bd1c-6ea66d536ab0.png,dragon
test/6f01e5d2-c64d-48fa-bc2c-92c1a4995a14.png,sierpinski_carpet
test/48ba39b7-7be5-4119-84a2-13b24d6afeb7.png,dragon
test/1a8e24e2-3349-4464-a781-a15cd2eacc1e.png,tree
test/0624a378-46c1-47c3-a7b5-9ae231503357.png,dragon
test/aa9b8e43-74ac-486c-94b6-7a1813be4c8b.png,koch
test/8b857ab4-005d-41ba-a6f4-ddbf747c1735.png,dragon
test/0d37fa36-e469-49a0-9c89-2b9e5d72822b.png,sierpinski
test/d6658b9a-e0d4-4a1c-9296-567f4378c3da.png,newton
test/6c9de4ca-b2e2-42b5-810e-1dbc2ae90e12.png,sierpinski_carpet
test/c2ff2890-7bbe-45ac-b838-8f851c850c36.png,julia
test/073ef223-9ef1-426d-8ceb-d78e4eeae381.png,koch
test/a5f94df9-76da-4d64-ada5-c7b0192aa05f.png,sierpinski_carpet
test/13406fea-810c-4a5a-bbd1-4d51438c72cb.png,koch
test/ccdaf8a2-8477-448f-8de4-10079401609a.png,dragon
test/33effbef-104e-4f86-9e17-5704e318a7bc.png,sierpinski
test/2e4971a2-22fd-434a-b224-2c25debcc714.png,newton
test/4a3801cc-f91d-4b52-b705-4acc765d365e.png,sierpinski_carpet
test/6db04258-2f2e-4275-bc30-2adf97672317.png,julia
test/16727edd-213f-4d90-94fe-f0d7d9086016.png,sierpinski
test/cc97f879-6ce9-4b9f-b8fe-ae54a8959169.png,sierpinski
test/6bd0ffb2-3d1a-4bb0-9983-aad53d3d8845.png,dragon
test/85449f67-3e8e-48f7-90f8-5e99efc057d5.png,dragon
test/79fedf29-cb52-48c5-886d-863f79b859ac.png,newton
test/f1b12ace-af30-4414-bb0c-c9ad0bfcec05.png,sierpinski_carpet
test/a3e670b2-d53f-41ee-879d-a041b1445eef.png,sierpinski
test/4221ec0a-bdf0-42bf-8e8d-51310b007288.png,sierpinski
test/4119c709-6757-4b20-9104-ffc8c2d00e5e.png,mandelbrot
test/9ff69797-3470-4814-85be-fe49cccfdd6d.png,dragon
test/26d0f2c9-5e2e-4688-a728-fe94a5648652.png,mandelbrot
test/fa6240ec-2cae-4951-93d2-e9ad543cf2cc.png,newton
test/1d402f15-e85c-42d7-9138-87ea5f70c1b9.png,newton
test/70b30c43-1147-4416-90ca-76df6549c2b8.png,newton
test/0cccdda2-7ff0-4669-8939-6fe0cd6ba1be.png,barnsley
test/5a7493d4-2ae2-4010-9515-e549711af035.png,sierpinski_carpet
test/5a66b62d-e5ca-4ab4-82c6-4ed6d222365a.png,dragon
test/c741dcd5-d412-41ba-999e-0ea078b80d46.png,sierpinski_carpet
test/15996f87-ce9c-459a-9900-d959dd071bdf.png,tree
test/d91d4e40-c429-47c4-85e0-c4a2623f9b72.png,sierpinski_carpet
test/baa7dbe9-4446-4734-8f32-7cb94828fb08.png,sierpinski
test/23ef5d2a-c676-43c0-9398-902eb512d5d7.png,barnsley
test/06f479e8-1add-4a7c-91f3-0a57315459ff.png,newton
test/9ce66307-a6ca-462b-8f63-480de0e1afac.png,barnsley
test/08a78f6e-a8e8-4fd5-acc4-85294f89c20d.png,barnsley
test/07278503-d5d9-44b8-a362-28c311b25d22.png,dragon
test/3b76337a-0302-4f24-815e-6f06e41907bb.png,tree
test/8237a7c3-2c02-4d8e-9fef-67f5ab87fa93.png,koch
test/2c1abdf3-d1e4-4620-a18c-0b3121950b6c.png,mandelbrot
test/1a27d1d8-72b4-4d97-b0b7-3e9dd7dfc29c.png,newton
test/85b8caaa-5a6e-4c25-b048-501647afabbc.png,barnsley
test/bf1825e1-56c0-416f-95e5-f9d304b25188.png,dragon
test/16c7e5ea-a211-4590-809b-6b03d7ce679e.png,sierpinski
test/ef12c096-8f01-41f2-9217-cf125d3e49f2.png,sierpinski
test/eaacba89-fa99-459c-b96d-70ddc0027f11.png,koch
test/00715a5b-c349-4e72-bf89-39ba6f41135a.png,sierpinski_carpet
test/377b2624-a843-437a-8edd-7dc4452358c3.png,mandelbrot
test/d8d789f8-42b7-488b-aff1-8a6860978901.png,mandelbrot
test/26790f2d-d42c-4a9f-b8ea-dfdb19a5f387.png,barnsley
test/a3290b43-eb36-40d1-942f-14c3e2aaf097.png,dragon
test/79f08391-96d8-44d7-9f63-fa09225f4f97.png,barnsley
test/a414aa9b-f195-47fc-84fa-e140048a6c41.png,mandelbrot
test/69ab17dd-0da0-4343-92ab-d094de757f2f.png,tree
test/6d758a91-ed95-46d7-84c2-a46ff6177f59.png,dragon
test/caa98d5f-4a71-491f-b1b2-9b5a107a3947.png,sierpinski
test/209f3f48-cee3-44e7-8a2c-81e24e93bcb3.png,newton
test/eee85168-2798-4b22-b61b-09ed3384302b.png,dragon
test/2526b834-c127-44ce-a9eb-162211f0fb0d.png,sierpinski
test/61fbf5cf-443e-45d3-9f4a-b605cffa4755.png,julia
test/40498a1d-cde6-437f-95ec-1b4f8a11ab79.png,dragon
test/929ff378-4bf7-46f6-a847-1f9ddf73be29.png,koch
test/79a27401-8fd2-4edd-a467-9260e7e75a78.png,julia
test/c5a35449-2ee5-4db7-bab7-1ce72b494d94.png,barnsley
test/a9047599-4ff2-44ea-bb3e-d81c4e73992c.png,sierpinski
test/f4945815-b4eb-424c-a475-f446279f7e74.png,newton
test/b563d70a-cd77-4b38-bdcc-32c019e20d24.png,mandelbrot
test/12f5a7ef-0019-4106-8746-61968f079b97.png,julia
test/e8c6a353-814e-402a-a291-4a812d4a9b83.png,koch
test/d9a8b43b-f555-47b0-8180-460f652f6f4c.png,koch
test/cdd3bd57-c8b4-40ee-aed5-e2b3e63f4f5b.png,koch
test/e0839875-1439-4bc4-8422-67e1bf45477b.png,dragon
test/7738f97e-593d-4fb2-b915-8ad94be50aab.png,sierpinski_carpet
test/fa9241d8-5cdc-4ae2-8534-638ae63e775c.png,koch
test/efea7432-b8e1-43f7-a7bd-002beb804483.png,barnsley
test/682e24ef-065d-4f88-81a0-7cf656363a24.png,barnsley
test/8ed4276e-90f7-450b-a78e-9e5ff152da89.png,julia
test/08d0e564-ea83-42dc-939b-359570e5924c.png,mandelbrot
test/3602eb94-9c76-4047-8b4b-94a26284abb0.png,mandelbrot
test/ccc4d2a8-6a40-4e43-96e8-2405cb6e6d97.png,dragon
test/e2aad411-3125-46bc-a760-ad09f3e1dd2d.png,barnsley
test/af331629-7f7a-467c-918f-9dd65f616ba3.png,koch
test/89f00437-4dba-4a07-bb61-358d59319430.png,sierpinski
test/70ab5da0-e9cb-4ce8-9d5e-b5c84a2b3986.png,dragon
test/f42e2ed1-db44-41ad-8588-d81f6faeaa19.png,sierpinski
test/70c544c9-dc87-4bcd-beeb-883b7eaef904.png,barnsley
test/59ba2233-eae4-4a57-8e5d-6cd8ea6e2429.png,sierpinski
test/4d93ae41-a944-41a6-8246-bedd874abb55.png,koch
test/9537dddf-11b3-4a96-a5c3-5d96cc1d2f4b.png,koch
test/dc9f80d7-7a59-41ac-af78-5918182afa51.png,sierpinski
test/ee4d69ad-d81e-4580-b1d0-7586d27c20c7.png,sierpinski
test/ff70b23a-5211-4adf-b94a-2043e32b73be.png,sierpinski
test/b9e76b22-9354-4905-a2bf-d6184cf21a19.png,tree
test/5607d62c-8da2-40c6-ab35-23ce1b0c6728.png,mandelbrot
test/642b8812-899c-42e0-ac6e-b23d4f0295b9.png,newton
test/d6893aef-cac2-47c7-b19e-411dcd88e2de.png,mandelbrot
test/fa84d068-12c1-42d8-ac48-ebdb4ea392c3.png,newton
test/94cadd16-ae04-4a0d-b690-431395869074.png,dragon
test/e96b97de-0bb7-44fd-bb88-bd6dea4d8a66.png,tree
test/7fa1f50e-16b6-45ef-a68c-b49ad736c2e2.png,tree
test/4caf598b-7d20-477b-9319-e10e724617f9.png,barnsley
test/31cdfe32-c08a-4605-8962-553be1635f9a.png,barnsley
test/96b79f22-1f26-4be8-a8b5-9613047f8f7b.png,newton
test/6ff2a8d5-7ff2-47c6-9a49-4b0072fce699.png,mandelbrot
test/a9c54866-537d-481e-8d52-0c255a0b18dc.png,barnsley
test/7fbdfef3-b149-4e3c-b0f6-c60e6cea67ca.png,tree
test/bbbd9339-1657-4bf6-9f3b-775ac90a72ff.png,tree
test/a5a8bb8f-e428-48cf-bfda-01db8526da56.png,julia
test/eef9a40b-a1b6-4614-9288-d1e46f9addf5.png,barnsley
test/e1a2d298-d1b3-40c0-b166-396e95309b0b.png,barnsley
test/5f382825-a1cc-4112-8a88-c904faf06a1d.png,sierpinski_carpet
test/94a7cc53-d6f7-42a8-89db-70a6df0d97db.png,sierpinski_carpet
test/306bbb63-4eb8-49b1-9a22-b87abcc6a236.png,tree
test/1b0b0eea-0489-4b3f-9644-e414d660bae4.png,julia
test/97a84303-f311-4fc0-9e1a-e438123899c0.png,julia
test/c5945568-8854-422c-96e7-8382981fe4a7.png,barnsley
test/a3a9a7fa-12bb-4c74-9f83-524ae0454e6e.png,sierpinski_carpet
test/b93a60a6-40b8-4f0d-b7c7-57a64117c4e3.png,mandelbrot
test/afc0a456-6f78-4ddd-8eca-93bbb408e2bf.png,mandelbrot
test/5f18958c-b8b4-4282-bdda-97f02a5ac98b.png,sierpinski_carpet
test/4f9ee6f1-3113-43e0-a8e0-15daebca860f.png,barnsley
test/73d66c1d-3d7d-41a6-baff-072468fd1e4a.png,newton
test/b8d3d8a0-4081-4063-a87b-7046572f30a4.png,sierpinski_carpet
test/563fd0b2-1dad-475f-a63f-1a809f990805.png,sierpinski
test/808aa0a8-5ae4-446f-ae34-93f8dd2caeb5.png,sierpinski_carpet
test/cb577884-3981-4ffb-bfaa-d05ce7adfa55.png,mandelbrot
test/23901177-e820-46e7-993a-1452dd03e263.png,barnsley
test/444de0ba-2935-4ada-956d-e7af5ad340b7.png,mandelbrot
test/bf616cc9-82b9-48c1-b81d-fda79e958049.png,tree
test/81e4432d-d653-4c97-8af4-abc5a07d0652.png,barnsley
test/21d980ec-15fa-408c-8dc9-9ed053b6866c.png,sierpinski_carpet
test/5794b738-c1f0-4627-8105-232669bb8ac5.png,julia
test/7e23743d-6632-4b60-9d17-5221c83479d6.png,sierpinski
test/5e7be390-aac9-4b4d-a66b-f03f6ef6a5a7.png,tree
test/b1dcdc41-fde9-4fc4-aa1f-21b3febfe111.png,koch
test/d190b323-cee2-4165-bacb-cf05c1186a3a.png,tree
test/f6656354-2258-4115-b4b7-d7d5dd6eae08.png,tree
test/40d5bab0-7ef6-4a84-a0de-230f810c8611.png,barnsley
test/1d5a56ba-e1b6-4033-98e6-3f0112cb1737.png,newton
test/18fa2e97-1ab4-4810-83bc-9a8f7262d2a8.png,sierpinski_carpet
test/54c9ed3e-64ed-4924-8009-ada001cc2363.png,koch
test/cddca851-9a70-469b-8a55-3fe6726bb2cc.png,koch
test/7c1e9a0a-cad2-417a-ab92-b3a18c7effc1.png,koch
test/6bedd598-9fa5-48f1-9e89-85690e7ccb2d.png,koch
test/88bf8831-3548-4625-b507-af687c280cd0.png,barnsley
test/ccb6f3b0-c44b-4ec9-9c5d-f2187cc19343.png,tree
test/1a3a3dcb-163c-4537-8f58-7cd2b727cddc.png,newton
test/29a5ccd3-d8e3-4b00-8e3c-91c7280675c2.png,tree
test/880d933c-0af8-43d2-b5b4-60395c3ceb20.png,dragon
test/aba95699-1f74-4289-b0bf-c2137f9decbf.png,sierpinski
test/5e3208af-c441-44ee-8192-17f51de63496.png,sierpinski
test/9bd1a27b-8eb5-4723-a042-a8577a1005de.png,sierpinski
test/99f18944-808d-4824-8503-22373ab281a0.png,sierpinski_carpet
test/6616236f-fc76-4ae5-b923-e6f973bbcbed.png,barnsley
test/098b78cc-4271-4a43-87c0-3e99797c969e.png,sierpinski_carpet
test/8bedc090-5499-4991-82f9-df3e95a37b76.png,barnsley
test/0e1b63a0-1c18-447d-a084-dbb86f32b43d.png,tree
test/1166fafb-091f-4479-a89d-21c43c63ce68.png,koch
test/0ec372eb-8723-482f-8c0d-ab43abaf2827.png,barnsley
test/f7f94472-5fce-423b-94c0-f0de85af15ea.png,julia
test/9a3a9edf-eadb-4cd7-9b3f-45a913361dfa.png,newton
test/f87055ec-30e7-4b89-b262-eac90224db44.png,sierpinski
test/e71b6fb7-b6c1-4ff0-955a-91cc072fd8a1.png,tree
test/02a47e2c-dc64-4244-aa0d-b43e607ab532.png,sierpinski
test/73d44c62-fc9f-4ab5-95b9-8d4ab2c0c63b.png,mandelbrot
test/f970e3bf-f6e4-458e-878d-b32dfb5ad2f7.png,sierpinski_carpet
test/28fe0e54-a0ec-458d-b536-ad8c6a128b99.png,tree
test/a13ccdc2-d736-4cb7-86d1-1be4211db1ac.png,tree
test/cfdfde2e-2c0f-48f7-992e-ebd515e4c108.png,sierpinski
test/6b5fc0ef-4fe1-4795-84a7-4377c6f32037.png,newton
test/8b85c130-010d-4d6a-a6f6-67971c88c6c1.png,newton
test/15839f65-87a1-4d86-8aa1-27e3c78510f7.png,julia
test/5c56e38e-0263-403f-ae82-8d896c338af4.png,sierpinski_carpet
test/09497099-00c8-46f3-889f-c2ef50d46670.png,koch
test/22a21dfd-f3ea-4bf2-829e-7bcb3157881c.png,mandelbrot
test/e0c9f552-521e-4e4e-b468-969246bdbc60.png,sierpinski
test/636d9b24-3348-49bb-b4a0-bf849aa63eee.png,sierpinski
test/3be6f2a5-3df8-48e4-a5f8-50d2ca1ceb4e.png,dragon
test/6056149f-c1fc-4324-9837-c3f4bfeeee02.png,sierpinski
test/d929c8e1-f2bb-4753-8c2e-92c24c622869.png,tree
test/baa4ae34-037a-4720-a14e-02fefe18c853.png,dragon
test/61688f35-4fb3-482d-8a2f-195eee5ea8ef.png,sierpinski_carpet
test/d7a57f1e-eb44-4a76-8571-292394bce33e.png,julia
test/623f6a4a-2348-47a4-98ab-02421a4491a6.png,julia
test/93b8d1f4-2e2d-4176-9ef2-ece3ff62765f.png,tree
test/0c58bd6c-4821-4596-b735-88d2f815dba6.png,sierpinski_carpet
test/438a53ce-0bfa-4e4b-853e-83b850125c3a.png,koch
test/aad4fd4a-93a3-4f3a-89b3-81483f3502be.png,sierpinski_carpet
test/5f8390e6-7790-4c4c-9580-1d0b3bd40bc0.png,tree
test/717573f9-ab36-4107-bc71-7f176f4be32c.png,mandelbrot
test/4125642c-56d6-42e0-a4e9-3ff83ca7e497.png,newton
test/57598af1-f655-4dbb-9cf9-99df22e73ba1.png,koch
test/273cc20c-493d-4f80-b06d-d37d7d3caa2c.png,koch
test/dbca8411-5fc2-4b01-8c25-313eb8792568.png,dragon
test/3e142485-9800-4d37-965f-335e624492fd.png,julia
test/4ffc4e0c-900f-413b-b666-836ee5b4aa4f.png,julia
test/aa6a387c-0eae-4ff4-ac86-70e159c20bfc.png,julia
test/1909b237-693f-4b99-8e12-aa4d5261cdb5.png,tree
test/e86754fc-c480-4670-a510-c8c897fbd276.png,dragon
test/26fbb9ab-0407-4f5c-8028-9685ebdcf81e.png,newton
test/ee94e46c-257a-4775-aacd-62ca01aad7c5.png,barnsley
test/d211b25f-d3f0-468f-af21-6c57e5dbb396.png,sierpinski
test/c47ff33d-16c0-48cc-83ed-23c8c25ac271.png,sierpinski
test/8dc85d83-a1a9-4489-959d-bd18808d5f6e.png,sierpinski
test/ec091f1c-f6d4-4cea-beb2-d4aa95a29572.png,mandelbrot
test/db28bd0e-5933-4845-b7a1-97bd6e4d098e.png,koch
test/d0c96b89-ab0c-4735-b129-3d63aa076352.png,tree
test/a232168d-ec9e-4735-98cd-de9d118acbf9.png,sierpinski_carpet
test/744a8a0d-c5e4-4fe7-b78c-85019afe01d6.png,koch
test/ff9f55eb-b89d-4382-9a0e-8021773b05ce.png,newton
test/943bbe49-1399-4189-85ce-7fd1feaded8c.png,dragon
test/dd60f09b-8610-4dde-b28a-4a930b62981c.png,dragon
test/d0d4f2ca-2d40-49c1-9bb3-c31135e26a6a.png,newton
test/9fa72a03-f886-45f2-b237-d4e17dd10d85.png,newton
test/522a4c9d-73f5-4115-82d9-3e5d436f3db8.png,newton
test/865122ca-5af3-4dc1-a719-013ae4457396.png,julia
test/03404604-2ba8-40f9-be5e-1b5edb7cec87.png,koch
test/43e05295-c88e-4ae4-b18a-edc565bfd79b.png,julia
test/2bb8b0d9-2154-4273-a131-7bf187fdbc07.png,dragon
test/b23957f8-bb4c-428a-b7ed-4a023c83356a.png,sierpinski_carpet
test/fe69c1c6-3d40-43ec-80b9-c4e80302e673.png,julia
test/49b67af8-8335-4a5b-8974-3cf24f9fc71b.png,newton
test/d4940a53-2bbf-4d58-bac9-6fbd465c069a.png,sierpinski_carpet
test/60c82041-5c91-44fb-b285-7da9094464f8.png,tree
test/1c65f78d-7a94-45b3-8bec-3afee4576af5.png,newton
test/d83f118a-7e52-45ac-9430-400ec5597e63.png,tree
test/b78aa7d2-98e7-4927-a1f0-f68db81eb949.png,tree
test/7b32ddc4-e9bb-4eb3-a11b-8101841d5022.png,tree
test/7bb5fa05-f7a2-4aec-9ad9-b638ffa906c0.png,newton
test/579b69d6-201c-44c0-9bcd-623a3e790817.png,barnsley
test/668509a3-0a8b-4431-a361-9b244ff8abd3.png,koch
test/2b995a43-5d0f-4920-bd73-88bbbaa9ddd0.png,koch
test/de4bfb39-a120-49f0-9105-a3fe8abfddb0.png,koch
test/866a5603-907b-4ea6-b05e-eb588e0740ca.png,dragon
test/af4f62e6-448e-49ee-8da9-f7fdd6798e87.png,sierpinski_carpet
test/59754948-b59e-4842-be5b-abc230be1d4c.png,tree
test/d9725b74-29dc-485e-a408-18dcb18fed98.png,newton
test/60e1fc5a-79b7-465f-9033-07ac7817b3b8.png,sierpinski_carpet
test/5878fb5f-c3db-4f79-914f-91fffab8a1ed.png,newton
test/67f30f99-cc5c-44dc-9c57-c57340791e48.png,barnsley
test/04540c55-08e7-45d7-82a1-2db1e8a66728.png,mandelbrot
test/e689c6f8-4bdf-4c1d-9e17-f7e8dc87ff51.png,sierpinski_carpet
test/444be907-cf5a-4846-947b-a70d47ca5901.png,mandelbrot
test/5d58e528-4065-4334-93a3-23f51ddbf173.png,newton
test/860d2334-127c-4f6e-8d12-f086c2f0b31a.png,sierpinski
test/00340f70-2a72-4b0b-a8b8-5a36ac1e1307.png,mandelbrot
test/b06e849b-e6bd-4e15-92f0-c7ddd22a86ef.png,dragon
test/914a06b0-8a9f-428a-a251-1bc688aa37b2.png,barnsley
test/3dd5d7f8-2d5e-4d60-aa71-4862b8877cdb.png,julia
test/380a0bb5-fdf9-4f7e-ac3a-94710e4e68bf.png,barnsley
test/86b9677f-b0ef-4fe8-b641-0077e0782ae0.png,sierpinski
test/fea17273-5883-4b5c-9ee3-99f8068d30d2.png,sierpinski_carpet
test/c90b664a-5e79-4104-85ff-fdea7256a048.png,koch
test/8c8f23c3-f08e-434e-b78e-dc000af51b60.png,sierpinski
test/444c3739-380f-4c8b-a441-b09de612ec96.png,barnsley
test/e87ad418-d8db-4031-8eb1-88f438527d84.png,mandelbrot
test/080c5dcd-7724-41ed-ac05-e5de35ea8a54.png,mandelbrot
test/6b9c07b2-7699-4456-a9b2-fc6cd200c5fa.png,julia
test/b1ef2c85-2a7a-4eba-a747-89c546d33b67.png,sierpinski_carpet
test/ebe247ac-20f0-4e89-962a-c82ee04bae98.png,newton
test/4150c972-7188-4d7b-a6b2-6ef58890d1f7.png,newton
test/d2a7a1e3-e937-41d9-ba96-c692318fc3b1.png,julia
test/9238a336-7801-443e-97b5-62cebf2c5092.png,dragon
test/1874a446-5364-40a8-9507-0f294dcd779d.png,sierpinski
test/7da06697-86c8-4952-bfae-384948ec72a5.png,barnsley
test/3fee356f-83bf-431b-b5eb-dc1eaef0327b.png,julia
test/2b8fbb0f-67df-4849-a088-2e20acab1392.png,tree
test/a0845faf-c6f6-4b31-904a-874972f15d59.png,sierpinski_carpet
test/5df10d1a-e09b-4c1b-961e-20400581e0b2.png,sierpinski_carpet
test/23e42dc0-7aca-4222-b76d-920eb83a78ea.png,sierpinski_carpet
test/a2d19f87-21f0-4017-94b9-5703620ecc2c.png,barnsley
test/df680840-18ed-46f0-b662-c18570c7fc67.png,barnsley
test/bb274bfd-d632-4658-a642-ed641acedb0a.png,tree
test/4180aa4e-acd8-4896-bd97-062d0cfe84bf.png,barnsley
test/b402fccd-81be-4c57-9153-16e4795b1c98.png,newton
test/27719ef9-2d0b-4305-8a7e-f86c4fdbd87e.png,sierpinski_carpet
test/506813ad-97df-4a2a-be7c-0ab8aa1c3ca4.png,julia
test/4f2516c5-76c5-40cb-b672-0dbb50b491d2.png,sierpinski_carpet
test/a2fb0269-61c7-4225-bf08-9fbcb4797e4d.png,koch
test/7f4ff5b4-06e2-45ac-9e92-2806e2c331a9.png,sierpinski
test/6c807bdd-f27c-436a-a705-8fc9be524eb6.png,sierpinski
test/ee1a20d8-9186-4b7d-8c0e-4a55fd70e396.png,mandelbrot
test/8d2b1c8f-c698-43a3-8d7c-94368c7b6f4b.png,dragon
test/23421d51-3637-462b-80a4-15b86745a55b.png,sierpinski_carpet
test/f49f11c6-d3db-402e-b8f1-a1a84bc7cafb.png,barnsley
test/45d5f0c8-e87c-4c31-af5d-20f5387bbf88.png,mandelbrot
test/246584e8-f887-4e97-8b5f-e6199451d27a.png,dragon
test/c892884a-f948-4022-a9bb-71983e5e1082.png,newton
test/1c6607e6-b9ec-40b1-8daf-339c0e64fa22.png,sierpinski
test/1a036102-b731-4ea0-b510-cafe137e8e92.png,dragon
test/0a7efee6-7f5b-476d-8fad-f1f3bdb20185.png,koch
test/a255456b-aade-4299-9753-d5098801bf0d.png,dragon
test/fe3d2419-9e76-4f92-b345-c6535d6dea42.png,newton
test/88226dea-95fd-4ad4-a2b5-f658ca4454b4.png,tree
test/657f54e7-aa64-4bdf-a427-2a9a90f2de3b.png,barnsley
test/8231b868-6f88-496a-911d-20b0ed9e6b86.png,dragon
test/ce575830-be31-44cc-8a6b-f251122e61a6.png,mandelbrot
test/44a39ebd-0243-42a3-a390-b7657779e795.png,julia
test/850932ed-94d4-4e07-ae02-b9057ada75f7.png,dragon
test/0cb17273-c5c2-41de-ac4b-c3025455de80.png,sierpinski
test/c93c057d-d016-497f-a85c-e4e05eb6749f.png,tree
test/dd77cc35-9bc7-4ec0-8a08-23f4933d157f.png,sierpinski
test/7d284430-30a6-41c3-bb28-de33fe0bd7f1.png,newton
test/d7f9a82d-24a1-4396-8f22-93bf7949289b.png,sierpinski
test/daf92d00-2f92-44c4-bc4b-97ac6b6c6605.png,sierpinski_carpet
test/62d1dea4-db46-4b23-b368-94ee86e1d753.png,sierpinski
test/49674168-6471-4594-8e5c-15e9eda12c6d.png,mandelbrot
test/a204cc5f-abbb-409a-b6ce-a0b417ecfcec.png,julia
test/c2222910-eca0-4636-a4e7-8da1dcb5bd5c.png,julia
test/aebe106a-8b76-4491-901c-0e645d16e9b2.png,barnsley
test/f983bf2a-bcb4-46e7-b062-a8176c7c64a4.png,barnsley
test/ae8a2f78-7308-4af3-ba38-cb83ca65e5f3.png,sierpinski_carpet
test/0f5c136c-a2d8-4b56-b289-603267f1c07b.png,koch
test/9ba38993-b30c-4237-be4d-386bbf152085.png,sierpinski_carpet
test/0504d2f9-1c91-46c4-a9d3-ee79f4b0c504.png,koch
test/95a75234-882a-4f70-bcf3-aea71c2bb5db.png,newton
test/c748ead1-3cd4-40d4-b05b-6cd42beff170.png,tree
test/1d335e95-0aa3-4e7d-b547-4af59d704716.png,barnsley
test/99c486ad-6fb6-4c3b-ae71-6ac3188cc18f.png,tree
test/c634e7c6-b0ba-4f0b-bc11-200439595732.png,dragon
test/41d21708-53a5-4138-b4d6-4e1ba21d9441.png,tree
test/3799f334-5393-4320-b5cd-55e66324063b.png,dragon
test/9f412e67-fc0d-4ea2-b4d2-1085c4f943f1.png,sierpinski_carpet
test/68eceaff-68f8-431e-9731-6330b5587603.png,dragon
test/548ca987-77be-49cd-854d-9fe8fd419575.png,newton
test/fda5f09e-4ca3-489c-ab8b-8943e165dc50.png,tree
test/74a51eaa-6085-4ee8-873c-b439d63243fa.png,dragon
test/b75a9f4d-ce01-40af-9acb-f3762edb5588.png,barnsley
test/9a21cdb3-d997-4acd-9ff8-7a56586891d9.png,dragon
test/35d89730-1d87-4cf1-97c6-dd8874199ed1.png,barnsley
test/b1a803c4-a2e2-43da-8f4b-d3ad5f1f3479.png,koch
test/f54bba7f-d101-4cb0-8501-a96928192733.png,sierpinski_carpet
test/2e07fc90-c3c7-4cb1-b222-6d9cb22d6366.png,mandelbrot
test/36af13f7-18ba-423b-8f13-0f44a51b6746.png,sierpinski
test/2c890d8e-faaa-4771-9ee5-952e4eebca0a.png,julia
test/1f6b74a3-5e6c-45bc-84ce-fada9f1a7bec.png,sierpinski_carpet
test/8a71b0e3-cba9-4b0a-8af3-5c1566eda467.png,sierpinski
test/94ebcb47-236f-4b50-abb5-8afec4f76536.png,barnsley
test/0b04ee64-2ec5-4739-8e46-c436ef1bb6c7.png,sierpinski_carpet
test/56fdd180-6ad7-4650-a0da-bef7d17dd4e3.png,julia
test/19ff19c4-9f0e-4a4b-9aae-84ed92bd6cab.png,julia
test/b0b40133-449c-40d7-9406-53ec58d16748.png,julia
test/91d1f45b-c212-4938-8058-0924d02a2c46.png,tree
test/0bb87b70-9772-4d77-9799-9741bf3f9b1c.png,sierpinski
test/7e1c0927-56ff-4ab2-8005-7af376ee4d74.png,sierpinski_carpet
test/ef4c4935-efef-4c78-b465-0b6753772d67.png,barnsley
test/ad8c9714-eebc-4000-a441-0a30e67f1799.png,julia
test/d9a82b64-c832-40a1-8a26-4b4a4f60bf62.png,mandelbrot
test/08786d63-6d60-4c81-8037-37696416accc.png,dragon
test/987cb205-f80c-4c72-9b13-1179a47a1642.png,julia
test/7c37974e-18d5-4c56-9efd-986f23fb9790.png,mandelbrot
test/f7503eb7-f37e-4262-ac99-59b0b1da0a7a.png,barnsley
test/ad6cb93b-d42c-4adc-b801-f524b9d92ac0.png,koch
test/99549027-bc16-4086-824b-b3713bf9aa2e.png,tree
test/543eb957-908a-4af6-9149-db88c67061eb.png,sierpinski_carpet
test/9922ff91-6ab9-4493-9679-e3b8b9003374.png,barnsley
test/03087004-a201-4d4d-ab27-f84254bb1f5b.png,mandelbrot
test/6404f333-111f-45a9-bae9-896297e7da02.png,newton
test/e16e1159-0de7-4a1a-8a57-6542094ad90e.png,sierpinski_carpet
test/e94ecb22-6299-4aaf-b75f-8c0d25f59f3d.png,koch
test/3c076c19-9ecb-4ee1-b947-d42388f73fd4.png,koch
test/0ae76c1e-76d6-48ee-837b-ef94338ada28.png,newton
test/e7b52206-4f04-480f-b72a-2525740d18b1.png,newton
test/6f66c079-bd1c-4348-be01-41169fbfee8a.png,newton
test/32cef858-2b26-4f43-be65-bc33da8150aa.png,sierpinski_carpet
test/071835ee-e328-417c-98d2-5487efa19d16.png,julia
test/e2605aa3-12fc-41e8-82ea-43cd27c22886.png,newton
test/3c0bcc08-376b-4c00-bdf3-b79105020681.png,newton
test/00469eb4-938c-459c-93ef-e6b0ebd34b12.png,barnsley
test/f855d34b-a8cb-4cc6-a2e7-41dd5b18ba28.png,newton
test/cd267cf3-86e4-40f3-971d-45d06a753ac0.png,julia
test/dc5b7d73-018c-40f3-bedc-67c2b463b27d.png,sierpinski_carpet
test/e05fd889-eb76-48e6-8578-4063fa3c3976.png,koch
test/9cef059f-17f3-49c6-9b46-6a70946600e5.png,mandelbrot
test/76a5eca3-76e6-437a-95aa-e72a82dcae18.png,tree
test/b782f421-ba1a-42f5-9867-4d5ad25dc58a.png,tree
test/57f75fa5-7756-405e-bafc-f3585ef40452.png,mandelbrot
test/24d0a092-f3c8-4fe2-a4d4-7b86759ea13a.png,dragon
test/8c6f2bee-20ae-46d9-9f70-8c3955d61720.png,newton
test/975e11b4-aeba-4805-ad1a-d2173eb091bc.png,sierpinski
test/cb140812-5c83-4add-beb7-2b2a58fe3969.png,tree
test/71ea0a27-4ee2-43a7-a83f-4eca2f185bd7.png,mandelbrot
test/226ec85b-833f-4c18-a8da-b5e25fa4d73b.png,tree
test/5d1c6b0f-b28c-4475-b545-38898b085782.png,dragon
test/fd9a3b7c-dc18-4974-9bbd-105226f7f6f7.png,tree
test/579688b4-4de8-4476-9f41-37dca3cdfbdb.png,sierpinski
test/c45fa950-f024-41cb-8215-ff4bdec46c34.png,dragon
test/2b31731a-d328-4054-9acd-06ec727ea345.png,julia
test/e972d13d-47b9-428b-b300-6139c079ee60.png,dragon
test/beb27100-804a-48f2-9313-b009d5d1376b.png,mandelbrot
test/ce9f7ab8-fc92-4120-bf23-9f9f42b4749e.png,mandelbrot
test/c4c2519b-21e2-4e82-b910-bea6072fd70e.png,sierpinski_carpet
test/4b4664d5-04d2-4b19-aa76-e4835cede909.png,koch
test/69b9e5e1-8525-46d8-813a-03fc6f5adc93.png,sierpinski_carpet
test/884480d7-6766-4c0b-bb71-d0262bbd36ea.png,koch
test/1f070e72-2934-4526-bff2-38585f09dba7.png,koch
test/d4beeae7-d4c4-48c4-b4cf-9b1df3f2b300.png,mandelbrot
test/aa5bf7e4-f623-4028-8118-1436e1a59da5.png,dragon
test/27a611e5-7ee3-4267-8c1f-8a400e8e92b4.png,sierpinski
test/9f553990-a8aa-4172-9500-51fec02cebec.png,julia
test/73b68c53-4b5a-48f0-8b6f-639a414c51df.png,sierpinski
test/1c3b5f77-7218-4c32-ae6e-0a4ffb91d497.png,sierpinski_carpet
test/6166895c-6b73-4782-8606-f5e9f21a914e.png,dragon
test/94f99b4d-cab2-42f0-848a-61636f312bfa.png,barnsley
test/f6e2b3db-f23e-455a-988d-8a453c93b1fb.png,sierpinski
test/c54df744-35c1-4e22-aab7-f63f4ee8ae49.png,koch
test/26f3c33a-4368-440c-ad7e-c75fcea3fee3.png,tree
test/4776117d-dca4-48b1-895a-ee595502b95d.png,dragon
test/6a85745b-6429-462e-bdf3-a3963ec17ab9.png,mandelbrot
test/9ec5b731-afd6-425d-8409-6f57a99b539c.png,sierpinski
test/be56b7e9-39f5-48c4-99c4-ee03bba47774.png,tree
test/4b235c80-971b-4465-bead-774574539db9.png,newton
test/15c16147-411b-4592-8644-2bf97b3fb5e4.png,koch
test/10e33780-5237-46bb-ba13-3d8c5de98a46.png,sierpinski
test/e7e8ca67-1d24-4db4-abc4-1d866995c90c.png,mandelbrot
test/d6e5b433-d5d8-4566-ac6a-39ac7d14ebdc.png,koch
test/74c3f707-a40e-4664-a6d4-a16997f75046.png,dragon
test/ea549899-b22f-40a6-8def-18bc7cfdcd9a.png,mandelbrot
test/210af19c-483e-4a23-b1ef-97e8c29c0f87.png,newton
test/877137c0-c191-4b22-b894-95f4252fb708.png,julia
test/b94227ee-5edc-4e38-ad09-256832d470ac.png,mandelbrot
test/f81e4bf9-279a-44a9-8021-0520d68724ea.png,newton
test/679d71f8-6938-4cad-8b5e-f92599a399c8.png,tree
test/68177262-0431-47b5-9384-86a15de59f32.png,sierpinski_carpet
test/45ddc480-a39c-4a77-9d3e-8ad8a199661a.png,tree
test/dc9f502a-015e-496c-bd47-1abd57da0bf0.png,koch
test/6abc2859-6512-4e32-b068-e858b41531fc.png,dragon
test/831ff2ac-3aed-463e-b805-cf28d0a57e45.png,sierpinski_carpet
test/680426eb-902c-4a7e-88af-8b30ec17deea.png,dragon
test/d4d01c11-6ee5-4d26-bac8-cda231685236.png,newton
test/3e0ea438-437a-45d0-a463-231d3237c1a3.png,dragon
test/06f94c7e-0483-49dd-9a4b-55beb9e1c34f.png,barnsley
test/bad571b1-f077-4b34-9a42-f340b86f35bb.png,barnsley
test/6f71efab-6c93-4fca-9d96-432fbd01cb47.png,newton
test/da48ca2f-70ff-441c-a8dd-f2090f349dfa.png,newton
test/08e41838-6fc7-4293-901f-a8fecaf4bfcf.png,tree
test/b6fa078f-a520-4a10-aa04-db7d025c937c.png,tree
test/811039a8-099f-48f5-b1da-53f3af01731c.png,dragon
test/0729ed1f-073c-42fb-b0c4-a53396fcdcdb.png,tree
test/f575d67c-8a68-4890-b379-0a34b397ce23.png,dragon
test/ee22ddf6-6637-4bfe-aabb-2f87462b38c3.png,sierpinski
test/82a7eed7-028f-4b73-b60b-941e3f816911.png,dragon
test/a83c9684-009d-49f0-9eec-5d53579da6aa.png,newton
test/f5ad329e-e9fb-4fda-9eb9-8ab858987e15.png,koch
test/a86551c5-53c0-4609-b89b-d02cff957256.png,sierpinski_carpet
test/ca6230b8-91b2-4441-b480-3fa49e45d66e.png,newton
test/2cbc0923-645b-43d8-ba2a-06f43a5b6cde.png,tree
test/99a68311-9969-4023-97ad-10fc2a8356e3.png,newton
test/927a3829-adb5-4102-8e59-aada557e93f9.png,sierpinski
test/a121954e-ad69-4bd4-9ad9-f01fc1520213.png,koch
test/fc8bc5f3-cd9b-4df9-80ca-8ddec7c68870.png,sierpinski
test/1257544d-f2f3-4524-bcfb-200c33923887.png,mandelbrot
test/2a8866f1-ef57-4140-9c74-9f983adf8fff.png,julia
test/9d8179e7-6ce9-40c7-a441-3be3cef4c8b2.png,barnsley
test/5085de0c-ba6d-437b-b7ee-222ad2879241.png,newton
test/4bd993c7-f802-4791-9ddf-b32082d8a53a.png,newton
test/253d9f28-8dfc-469c-a935-6730daedfeab.png,julia
test/d55c7a10-2d86-4726-be6d-1a198e8a4288.png,sierpinski_carpet
test/e690538d-e1f2-420b-b78e-49e0ca053b53.png,julia
test/bbf068c6-ceb8-4d03-9789-081ff2aaf968.png,barnsley
test/32a7ead8-705f-4691-ba61-31d3fa94661b.png,newton
test/02acf3b4-6666-4761-9660-534d3463379e.png,dragon
test/2e67f790-5c23-41b2-a81c-594ca8655037.png,tree
test/539117fd-e276-42df-81d9-d46180fae4e4.png,newton
test/a6460d38-d665-4e5e-8551-ff87251443f7.png,koch
test/39094ec0-66e0-475f-9303-54c45f9a21d3.png,mandelbrot
test/50a381d8-2af3-40cd-b65e-4f4e21caf3e1.png,sierpinski
test/cc64b494-8024-402e-9d0a-a615d28704dd.png,julia
test/956e99d8-25b3-4758-ba1c-a4cf25f7cf2f.png,sierpinski
test/0376b90f-840a-4eb4-a469-f0d01c8206f7.png,sierpinski_carpet
test/ed24e405-272d-473c-801f-ce3dc4a5451e.png,barnsley
test/2d02ffed-f22e-444b-b46b-2dbd01abf668.png,sierpinski
test/e8f3d7b7-73f2-4f08-b092-60906ec58646.png,mandelbrot
test/ee68cc97-f91d-46fe-9058-089f60c151fc.png,koch
test/b6919d35-6f90-405b-a8e2-85a3fb660582.png,dragon
test/7591c205-0a44-4457-8f2a-ca7675dc49bc.png,mandelbrot
test/682066c4-9f1d-44f1-a64e-1287b9c2ff29.png,barnsley
test/f924fa1b-4009-401e-b305-c9fd446566d0.png,julia
test/1b748e15-92ed-4cee-a3a2-275f48722fee.png,sierpinski
test/8c4c4172-00d6-41ba-9c75-d34f114f91aa.png,koch
test/21723294-2cfc-42d8-a426-1bce56051526.png,barnsley
test/7b5fd23b-6256-4694-a0ac-e8c1ade8727f.png,sierpinski
test/03ca5774-e60e-4702-a229-48559a51febc.png,barnsley
test/87b9da68-445f-4f1e-9ba8-de6f0b3ba580.png,sierpinski_carpet
test/ca1ee275-8fcf-49dd-ae84-477180bb6146.png,barnsley
test/ad810d8b-0425-4efb-ac44-b663c820ee24.png,dragon
test/6bf388c3-e23a-4232-8f82-eb83ce8d2aae.png,sierpinski_carpet
test/515edca7-463e-47f1-8fe3-efadea66d653.png,sierpinski
test/d01729aa-7a41-4ce6-b447-6c21241143e1.png,julia
test/914712a4-ddfd-4ed0-a443-b00cd2d7b180.png,julia
test/e7b7adb2-796b-435c-9d2e-fa59c035340c.png,julia
test/77b1bb1d-f384-4b1e-984e-07742dd2ce45.png,barnsley
test/685b519d-dcd1-4219-9573-15db4239e531.png,mandelbrot
test/26635e12-0d32-4ee7-91cc-a7974be87369.png,newton
test/a6537cce-0cfd-44e0-94a6-9aef07ac21ff.png,julia
test/77502a5c-0839-4d46-91e7-5dc7445d6fa1.png,sierpinski
test/28e50d52-7631-4983-ab20-f7b9e5785fe1.png,koch
test/ef56d221-9968-4057-9b38-f0faadb878ac.png,barnsley
test/1b156b95-1c72-4e5d-983a-a0ad1d2cfb83.png,dragon
test/6b1121f8-7a39-4fe8-9bca-85df658bc92e.png,koch
test/1773bae6-4132-48ef-815e-24ec1ca540ea.png,mandelbrot
test/b65aeea3-e2b5-4f6b-9d65-2f9740ab8132.png,koch
test/855ad5fe-6427-45cf-92f3-c82d21913d0d.png,dragon
test/d7c087e4-3c15-4fe8-837d-1bf7ad1074e5.png,sierpinski_carpet
test/eba42932-a085-4d65-919d-c6054130ef61.png,dragon
test/7103c736-5f42-45f5-a343-92121006df13.png,sierpinski_carpet
test/bda6bb2b-7070-4ef7-ae2f-977b487cf5fe.png,newton
test/22c2f2d3-485f-4a07-af0c-508d7041135a.png,newton
test/aed40e75-06b8-4c3b-aaa9-5a33e09d7838.png,barnsley
test/22f8eee4-abaf-44ee-aeac-ac33c1ec96ad.png,koch
test/cb420e99-3490-412b-9017-208b1e07c23e.png,dragon
test/4fe87113-9bd1-4221-8ced-d1a4505f752c.png,koch
test/fd5a5696-28ab-4654-9430-83073bdbc9d7.png,sierpinski
test/0cfdbbc1-a4f3-4ad5-b923-31c355c330a7.png,barnsley
test/f12531ab-202d-43bd-9008-19b1b428f7fd.png,sierpinski_carpet
test/ab8eb93a-476d-4873-9118-d5143aa8d41a.png,newton
test/b0f0b8bf-858c-4695-8da2-6ffe85c57e2b.png,newton
test/4eacd4dd-3eef-40f4-8d98-dd44e16ede66.png,newton
test/293093d0-e457-473b-9c7c-49a7d00807ca.png,barnsley
test/372f6291-fcd9-4913-9775-f9c58d801790.png,newton
test/e3ba37e0-101f-4ca7-aa26-a23813b83a49.png,tree
test/4f891975-f507-4546-bd90-b090ea22258b.png,sierpinski
test/eda1ac7c-d41b-4b04-bd57-b4feeff99d2a.png,dragon
test/190ebfa8-3c26-4807-8e61-1a351606f877.png,sierpinski_carpet
test/ed56c949-12e9-48db-9058-2e7921331294.png,koch
test/c476406c-bc33-451a-bdd5-586a345b20f0.png,julia
test/a7b0b349-9259-4988-b848-36a3f6538e85.png,dragon
test/29c299cf-3c3f-42e4-9e72-5159937ee2a3.png,tree
test/af960f50-854a-4d5e-ab1d-fd32139f23fa.png,newton
test/8756ce6b-455c-417e-875a-2e1551a042fd.png,sierpinski_carpet
test/bfd65513-d231-49e5-ba03-d329a5f18fef.png,sierpinski
test/41427c2a-7aef-410d-9464-ca745702b681.png,koch
test/b8e767e1-49bb-48d3-9a73-e64a995662cf.png,dragon
test/42a99fae-ffb6-4a41-afc8-d92f863fd6bb.png,sierpinski_carpet
test/abe27cd7-5d6e-40b6-9449-df2f258d16f4.png,barnsley
test/c13b7aab-392c-4d42-987d-1deecdbd6ba8.png,mandelbrot
test/e86b40d5-67ce-4d42-b193-9967e3f7a8bb.png,sierpinski_carpet
test/7c5c9068-6fe0-4235-bb0b-b50f6be699f5.png,barnsley
test/ed34e8f0-2b5d-4edf-895f-442d1d84c936.png,sierpinski_carpet
test/aca23562-7e8a-4f86-abc6-efac17a42fab.png,mandelbrot
test/ce200400-2060-4b23-9b15-ecea58364fa7.png,newton
test/1b67d169-877e-445f-ac0b-233f7169a495.png,newton
test/0364f943-ca95-44a0-992f-7c3888b014e0.png,newton
test/e99deafd-73ec-4372-a0da-794a4c3d29ce.png,mandelbrot
test/3ba7d178-4011-41f8-b6f6-f70058c175ed.png,sierpinski
test/285e1bae-cb14-438e-9592-11dddd655c60.png,sierpinski_carpet
test/ab79c6a1-8d8c-4f87-9a05-099dd710f711.png,sierpinski_carpet
test/46988fb9-42dc-43b6-8bc6-72e4f78d8502.png,newton
test/f484419d-c51c-4930-b17d-2daeef9d10de.png,julia
test/188dd44e-3b00-40fe-a210-16ff457ce8b6.png,barnsley
test/6eb347bd-7e9f-489a-834c-fcde8525f839.png,dragon
test/e32ecb63-dc6f-4893-8b63-4422064e9dcf.png,newton
test/fee4c63e-81ef-437b-8305-8e88c214efed.png,tree
test/3a4a4f0b-cae7-42ac-a23a-36926ae26197.png,mandelbrot
test/134aa4e2-fc78-45e9-a8a0-8bd796edd6f7.png,julia
test/1b12ff60-4a0b-4b82-80de-a17ec762af6c.png,sierpinski
test/4f011407-fa61-457c-87c2-e61f9d99ac1b.png,sierpinski_carpet
test/51e7ddb3-41b6-4bf6-bd1e-c6046a3ed119.png,dragon
test/d5dfafc0-b91d-4dd9-8cbe-0231ab4748e1.png,mandelbrot
test/0f0cd9c6-58d0-4eab-b5dd-8e712864e1d5.png,newton
test/da38a8a3-9a4e-4122-a480-328283cbb4e0.png,julia
test/d479ac9e-9533-45e2-88f8-91375264de81.png,barnsley
test/33fe3a95-db12-4b12-be20-0fff2e19a1ab.png,koch
test/a4d36ff9-c581-4552-accb-146b0845da6e.png,sierpinski
test/58cd9940-7c3b-43eb-98cc-8b4c06788fd3.png,sierpinski_carpet
test/3fa6273e-d60e-4600-91bf-bd7e394499ab.png,koch
test/c80f1966-4397-49b7-88f4-4eb0cefda547.png,dragon
test/b9a58434-1962-44cc-8d04-2bf981e25105.png,sierpinski_carpet
test/ef84ff66-f0f0-487b-adba-1fe6dcbf2e4e.png,julia
test/c549364c-f86a-4f68-aca0-1a3a80ea8325.png,sierpinski_carpet
test/9cd5d239-6a6b-4af1-8a3d-94b506ea5f05.png,mandelbrot
test/a1c816b3-dce9-4445-93e4-4045825dfb76.png,mandelbrot
test/5ef77b37-fe15-454c-83a2-e539dc9db29d.png,barnsley
test/1021213d-aad4-4a23-bc40-13bb1e736d1a.png,tree
test/3d1d1ab0-8242-4250-8998-f9da2c3de69d.png,barnsley
test/0bbdd557-a291-4e83-b575-71f96e845cdb.png,barnsley
test/ff4224a3-162d-44de-9ad6-3e57ed42ad5c.png,tree
test/6df6b585-2bb1-45de-b7c2-c15878997fcb.png,koch
test/8422814e-2c98-40de-bbab-56730c90b98e.png,sierpinski
test/a0c5fc97-1052-464d-a509-cd8ec9ea51d7.png,barnsley
test/dbf6fc82-d923-4265-8bb0-cad2d4d59c55.png,koch
test/1f2e7eca-a8da-40c5-8545-d29c208a23ac.png,julia
test/b60dd65c-90ed-4b30-9d4b-04e649409673.png,mandelbrot
test/4163636f-665d-461b-bf8d-39a0feca5526.png,newton
test/91add4af-9250-45ed-a9fe-eb4ddafb7c0d.png,barnsley
test/f69c4684-a578-478c-ae4d-f61043831aea.png,sierpinski_carpet
test/c73fd078-2b7f-40ec-a7c2-cfcb3811e8c6.png,newton
test/83d0b5d7-55d1-47c3-bc10-3a5193f8e19d.png,julia
test/f8a2ab9a-6145-4f93-beb9-13b9cd34c44f.png,tree
test/7df4d9e6-51d1-4645-ab6c-0ad85f14beaa.png,koch
test/dbdb87c3-4d4a-478f-a4c0-44cc5806d978.png,sierpinski_carpet
test/fb6bc3a1-1047-45c8-9119-5559160674a0.png,sierpinski_carpet
test/ebe529a0-ad89-4eb5-8f2d-5d6c8a9b2429.png,sierpinski_carpet
test/88b98964-8ab8-4068-90e1-f90428355af5.png,tree
test/b43cf385-c0e5-493e-96a8-532c90ec65de.png,tree
test/d21a0626-730f-419e-a85c-ee69866a81bf.png,julia
test/45de32f7-909a-4122-b62a-f9d756c21dee.png,dragon
test/b1537f6b-85d1-4046-a294-634b108a4126.png,barnsley
test/42bfd5a0-a5d3-4280-9aa1-f9be29be6108.png,newton
test/313d805d-76c1-4e97-bd52-662cf97e5898.png,dragon
test/bbbaf1a0-0e0d-4ae3-95d0-5095c09cae9c.png,newton
test/7c6507af-f5a5-4943-93fd-142b5fab390c.png,julia
test/a5bbdee7-ebb8-4c29-94f8-aa333b5c034b.png,koch
test/eb9ea51b-141c-43e8-9eed-e01b8eaa92f3.png,koch
test/677c8e1e-c362-4914-8c67-b462b3c61734.png,julia
test/df94896a-8d86-47d0-9327-8d2277fe611c.png,dragon
test/bb51a81c-0d72-4483-ba8e-c0b8135bdf60.png,dragon
test/87f591b2-96ff-4b17-9130-6fa699d339c9.png,mandelbrot
test/0e0e3c33-06d3-4c67-a199-70b50351adb1.png,sierpinski
test/9dfe2ea9-2d13-4189-914c-38110a91f094.png,tree
test/7a6fe91e-73aa-4e86-a962-115dbcc8da4d.png,barnsley
test/72596311-04f4-414c-bda2-c7606b7e8d33.png,sierpinski_carpet
test/1671b876-7e67-4387-b52f-6fcbe6502a37.png,julia
test/3d518567-bae6-4248-9c89-6d661fbfae6a.png,tree
test/ba8784ef-f6fd-41b9-a691-78d5d8c6e4c0.png,tree
test/149647bc-e215-4349-9943-0a0e3b674e4e.png,barnsley
test/cb2e6e63-e04e-4658-844b-ed3ef5f5113f.png,dragon
test/322a1f1b-42fa-4d5e-9c2e-8192141f2cc3.png,julia
test/02023573-9878-4d39-bb0c-b3efbfea0ca8.png,dragon
test/8f9a24ec-87da-472c-90fa-0508f9146692.png,sierpinski_carpet
test/6dbfa6ef-b7eb-41a0-a902-4fb82f34dc0b.png,barnsley
test/917d88b7-ce8c-49b2-bf9b-7b28a9845000.png,julia
test/6adc5cc4-aa47-422d-a639-597493416790.png,newton
test/da5926be-0274-44a2-a38a-6b6016b15b49.png,julia
test/dfa3fa4e-b9d5-4bdb-ad92-ae2886aa61f5.png,sierpinski
test/34fe7015-21e6-492e-a007-81052624a0f6.png,sierpinski
test/e1db101f-206b-4b36-b78e-53b5daaff8c0.png,sierpinski_carpet
test/99eb3342-37e6-4b1b-b0dd-783adc9d6f95.png,barnsley
test/d4403635-2642-46eb-863f-f1b37e92c74c.png,newton
test/cf60f141-af12-43eb-8e96-5074feb53c63.png,barnsley
test/08c91f7d-d3ad-4d86-adaa-bacbcea1b060.png,dragon
test/5e6256ba-775e-4480-abff-38b3376f0f12.png,barnsley
test/c48dd9cb-40cc-4356-be25-eadfff15b745.png,barnsley
test/0d99d2d8-d8f9-4698-bee9-ce0c5cade7cc.png,sierpinski_carpet
test/938b142b-2034-416c-8420-0f95e94a90cf.png,newton
test/5f4fb227-0afc-4bde-90ac-7d78dac385ba.png,dragon
test/80eb8483-800a-4ef5-a2fd-a6c835ca6332.png,mandelbrot
test/23cabceb-e1d3-4bf8-9001-d6e355303a0e.png,koch
test/1538d298-748d-460d-b540-04eb4c0adcc8.png,sierpinski_carpet
test/ab1a47f1-a3e5-43cd-bc8e-5d184cc49dc9.png,sierpinski
test/fec9d84e-6d96-4626-8e16-a15defffd33d.png,newton
test/ccb42071-bca4-4f24-80af-81a9bfc11e78.png,sierpinski_carpet
test/9fa2f96c-92cc-4ada-86a5-459e06430745.png,mandelbrot
test/1a61f40d-e2a1-4d39-94ea-17a076981837.png,dragon
test/0d79d728-f5da-4d05-83fc-af1ba22ee9ff.png,dragon
test/0a488bf9-8245-4af5-bf36-e228a738ee23.png,sierpinski_carpet
test/98a2f476-08d7-4eab-bca0-161801cb4499.png,newton
test/b1b06792-8d2b-48f0-8828-f00cb071b430.png,mandelbrot
test/102b1085-3ccd-4f0b-9ae8-de90f12efb8d.png,sierpinski_carpet
test/c1c8c55f-21d6-4c19-81bd-c46caa23f9d9.png,sierpinski_carpet
test/f51f9829-0de1-4ebd-8c1b-17106bdc8bf7.png,barnsley
test/e69b6ebd-75bc-4ce2-af63-153c89d25cca.png,sierpinski
test/372e086e-7bed-41f7-aa7e-847ce99c5789.png,newton
test/795bae0f-0cd2-4b7d-959a-8d2c8fc46d80.png,sierpinski
test/2700388f-a64f-4be1-8a9b-49cc07efab65.png,mandelbrot
test/c7ba944d-ce35-48f1-a202-da8cb961b9c9.png,dragon
test/acc45a4e-f888-40ef-b0c0-3a32e433505f.png,dragon
test/37175a49-f10f-48e8-8ef9-6f5af201995d.png,barnsley
test/0e5a4dda-4989-4b67-825f-0d341758617a.png,barnsley
test/141cbda6-11ed-4701-a82f-a6d9f2dead9a.png,sierpinski
test/2b7502ed-17aa-40ac-90ed-b46836843aa6.png,newton
test/78f08b56-a631-4a42-8297-e1a2efbe8468.png,sierpinski
test/7e29da74-ace5-45a4-b916-e06178cf608d.png,mandelbrot
test/99807349-5c03-4c06-916b-cdc39ceb8fb4.png,tree
test/7072744e-1202-4164-b0b9-7810e91676da.png,koch
test/e38f6949-79e7-40f1-a77a-725c372aa2cf.png,barnsley
test/cc4635fc-74fd-485e-8506-aebe9754a3fb.png,tree
test/01bc7807-2ddd-40c0-94f2-7c6ec4d86f28.png,mandelbrot
test/b81d2c35-9672-4646-951b-ac94856f73c5.png,dragon
test/4f5d56e0-8491-4574-b485-fc464ddead83.png,mandelbrot
test/a37a86f4-0d6a-4053-a712-7e8e6d0c0662.png,julia
test/c6e056dd-a18d-420e-bcc4-82d30b60f1ce.png,tree
test/8305e532-fe63-4ac1-a36e-f4faaf17af46.png,julia
test/1c3c99e6-193f-4bb1-b3d1-8f86e5b34ad3.png,newton
test/c1423b39-8a80-4f06-8a3f-706f26cc9a50.png,koch
test/71088133-fb9c-4676-8ecc-be54fdbb0038.png,sierpinski_carpet
test/a6647da9-4178-44bc-ad68-96f8ae0f1f48.png,dragon
test/ff1f57ed-2732-49ac-a5bd-61fe55087a46.png,tree
test/015931fa-89b9-4a1b-96e7-0ffcf0afd47f.png,sierpinski_carpet
test/f5673e89-7e21-4576-ab73-7fbe8526adc4.png,sierpinski
test/1ec1b42a-98e3-462c-823b-acc217a8d24a.png,tree
test/323c3149-d097-4c58-8471-09b557de9f99.png,dragon
test/79c53211-3ae8-486d-9b35-2b3589c2977e.png,julia
test/40fc322f-0e7c-4871-8537-2d15b5f4f21c.png,dragon
test/61f9835b-d5fb-4d1b-9110-3fcf5204241d.png,mandelbrot
test/addfc6a8-9e0b-428b-a802-5a96ea0a5ecc.png,mandelbrot
test/1f1035e3-1850-4c99-9d18-e8564bbfffcc.png,sierpinski
test/78726d2e-33cd-448b-a232-85e209301f05.png,barnsley
test/7dd6fae9-973a-4871-95a6-f9f8297fd48a.png,barnsley
test/45f02714-7d51-4431-baf3-c11b37e6f2c7.png,sierpinski_carpet
test/985befb2-3bd4-4eef-a98d-f3c7558419ed.png,barnsley
test/69688c68-8e50-42ff-8e9b-528952a8fa5f.png,sierpinski_carpet
test/00233aa8-42d8-4284-a224-009a5042b1c4.png,sierpinski
test/9586215a-2355-40eb-be3e-84321e803b8d.png,newton
test/5e01f605-b619-40f1-aef9-78d70bc0a562.png,mandelbrot
test/617438be-7796-4678-af85-88918a29f459.png,koch
test/232490d1-a15a-46c1-9b8f-d6ece5039705.png,newton
test/4e8ad651-56aa-4a18-a4b9-03e80c4dee01.png,newton
test/32e1be27-8470-4f34-9148-792f2f221f82.png,dragon
test/bb97d952-5dec-4a7a-8ffe-b76b96867247.png,barnsley
test/154697c5-83ce-4ce4-aa07-b75d58d3aff4.png,mandelbrot
test/6e5bbdc6-e5b1-4c84-bdc6-8ab1b71253c5.png,tree
test/37e4dbb8-d22f-4f74-85d3-655febb3c35b.png,mandelbrot
test/36c52bb0-5250-4eb1-8eb8-5a953112219e.png,koch
test/bbbb8570-aadd-4f4f-9d0a-b2b016807c19.png,dragon
test/caabc08d-7077-4924-a62b-4d5ac55085ec.png,sierpinski_carpet
test/fad45f50-8174-4665-9ea5-27d5e0f688d4.png,barnsley
test/1e529366-7d2f-45ee-b2ef-8f2e6f7cbf5b.png,newton
test/8c1336a1-4733-4948-bc81-ab805e697564.png,barnsley
test/a39b39ab-96c8-4c70-b2d5-366c3f49647d.png,julia
test/d2b09ae6-eb42-4d15-b08c-9f73dde1b7e6.png,dragon
test/026f6ea7-db73-45f4-8856-b93bed1f2a6f.png,barnsley
test/6adcb19b-a5ad-4937-bf88-c9455662a2fc.png,sierpinski
test/79488c67-081f-4161-9d2f-a720d405218f.png,newton
test/228f6a2b-6e8b-4a98-9621-4b8f867e6c79.png,sierpinski
test/ce058392-5a61-47c7-9b4b-01b637783786.png,sierpinski_carpet
test/7e858b4b-0a9b-46c7-84a3-4b3e3edfb908.png,sierpinski_carpet
test/e527ea54-8845-4b5e-a6b5-3ee23f1c34dd.png,newton
test/2354568e-8b54-47b6-8b0b-5e7e78d0d608.png,barnsley
test/c0f06498-5beb-4d9a-8d34-630a88c10084.png,tree
test/18c41a62-afab-4d95-a3b1-6bb0af506329.png,sierpinski
test/65065187-649b-4093-a907-217d0ca5b89e.png,julia
test/4d5742a3-efb7-4add-91c5-419e9d6b3c36.png,dragon
test/549f8930-47ed-4817-8191-f754211d639c.png,sierpinski_carpet
test/06d714a5-257d-44a9-913e-aca3a3c98dbf.png,barnsley
test/9c677723-4cf8-4dea-828a-5ae27dabfdad.png,julia
test/921db46c-cead-44ea-b5d7-d455e0ad3e0e.png,sierpinski
test/33994cf2-498f-434e-9ecb-06d6bd9f9992.png,julia
test/b6a88d2a-ca96-488f-b180-fe7c09b3b11b.png,sierpinski_carpet
test/94531e06-5580-4ec1-81b6-2e297ad78a8b.png,sierpinski_carpet
test/46206c7a-fa8d-4b43-8501-d03fb43e8cab.png,sierpinski_carpet
test/04cf1ada-a865-4d68-a022-74a347d3deca.png,sierpinski_carpet
test/d347a2a5-0146-423f-9a36-be2f14ccaa16.png,tree
test/956ec534-94a7-47f3-bc4c-74270013c7ed.png,julia
test/043fc2c0-9df4-41a1-a845-2adc4e7398ae.png,sierpinski
test/e1d3768e-0619-4a6f-9629-725cdb2cb505.png,mandelbrot
test/2e87ffe2-a277-4309-a128-2fe9eba937cf.png,barnsley
test/1e0b5875-f449-4d2b-983b-10d758eda7d7.png,barnsley
test/098af3b2-637c-498d-a107-50e0fca76859.png,sierpinski_carpet
test/1eb5caf2-e1f2-4d90-92c4-46f18ad7aee8.png,dragon
test/f09eec3c-cec6-4e85-b294-45ce2b6f846b.png,dragon
test/d5868669-3dd8-465b-ad5e-10f60e286db4.png,koch
test/e10b5198-67ef-4ec9-a7ef-b668e6bb9380.png,newton
test/07fec4e5-1dd1-4677-8b0a-d5f2ce459b59.png,newton
test/84a3364b-1573-41ed-8625-c0df1a7289c0.png,newton
test/268b7c8d-edf6-4839-84e7-84ef178f8bed.png,newton
test/d3782043-e6f9-4d1f-a9d5-4ffa4490bda8.png,tree
test/501c6d18-f17e-4a08-adba-3a89848480a8.png,koch
test/820094c8-e655-4fa7-aa56-23d18178971b.png,koch
test/f7cace2c-bc06-4523-9a39-41cad9986d1b.png,dragon
test/be18f449-c607-4ccb-8a37-06feaf118bc0.png,koch
test/96c91bbc-0107-40f9-93ef-f3c4dea3e6d4.png,julia
test/56f57c67-36ce-4a88-8a28-b23cadcfcbab.png,sierpinski
test/05e5edd3-04a4-4b49-8f77-2a7913ee16ea.png,sierpinski_carpet
test/bb7ac943-ae5d-4429-b8d1-d282f28b276f.png,tree
test/fa01c8af-86ae-4d4d-a841-ebd15d80c072.png,sierpinski
test/c388b468-c65a-47b5-ae19-858ff735de4f.png,newton
test/362455c6-0b9a-47f8-a3a3-c6351aeda6a8.png,sierpinski_carpet
test/3604e41a-0140-4184-b588-5ec3483169c8.png,julia
test/d110d849-5919-429b-9ebf-0e9199653a62.png,dragon
test/442b840b-dfc8-4d00-8f34-3f5b4b60f74c.png,barnsley
test/f9c06a61-c75f-4343-a9bf-249d315f7024.png,dragon
test/ef5740ee-9f64-44a2-b884-7ddfa7a0a869.png,mandelbrot
test/033268b8-ddb0-4b21-bac7-9a7726778b48.png,newton
test/aec3a878-1e90-4678-90f3-96f8722788e7.png,julia
test/24e8e5ea-5a9d-4550-b3c4-61fe4c1b5e2b.png,sierpinski_carpet
test/c371e20b-47cb-4a6e-a630-2483ddac7688.png,tree
test/1b6fe731-4dcc-4ff9-9594-4d6679d556bc.png,barnsley
test/b393ea6f-2b80-409b-8f90-f79bd33c7c93.png,barnsley
test/dad1bf52-cb85-4f2a-933b-c8d57922ea93.png,sierpinski_carpet
test/ad6432fe-e4b1-4504-9a40-0b844d9fccce.png,newton
test/53e277fe-939e-4507-812e-19f1bcde998d.png,mandelbrot
test/ce778d2a-7cc6-4eb5-8049-0381067ed8c0.png,dragon
test/691ef330-b366-4bc2-9f62-9007c6e0158b.png,koch
test/7ad1ceaa-8940-42ce-ab31-a8db0c8b9af4.png,sierpinski
test/1315a690-71f5-4fea-89bd-9e7f6ac11642.png,newton
test/756ef5f5-7bf8-41c4-b978-a343ea0f94ba.png,dragon
test/a735149a-2b50-4377-abd7-182a4425580b.png,sierpinski_carpet
test/1db4255d-a489-4ac6-9e68-9e9578f868eb.png,barnsley
test/ce802744-4b54-4079-a71c-69cb762e2d64.png,tree
test/c603579f-78cb-494b-bed3-42d3bd824799.png,mandelbrot
test/63082f1d-3e4c-4d8d-8636-e7b86c439bfd.png,sierpinski
test/ede8acdd-4071-400e-9ffd-831da2e43958.png,sierpinski
test/390017c4-1e38-43ec-b067-3be1ae8825e2.png,sierpinski_carpet
test/6b6bcabe-64ee-40ad-9814-a46117141257.png,julia
test/5db3ff94-07b7-44f9-811b-1a4268eea7ea.png,mandelbrot
test/6aad9d8e-f27f-44be-89f1-73f2995ce454.png,koch
test/e52ee056-101c-42d2-a244-009cda94f484.png,julia
test/2a621f55-ef94-4dfc-9b57-582edcb8bdca.png,tree
test/3265479d-14c0-40bc-8069-256c82cc6a01.png,tree
test/d28dfb66-7572-4acf-95b4-6f2077af252a.png,barnsley
test/88b9bb8e-8327-43d5-860b-f8bad04f9206.png,koch
test/2473f435-a3b4-4b8c-ac22-19a7b0f8e438.png,newton
test/c15066e4-984c-4918-9ff3-466f2c4ce884.png,sierpinski_carpet
test/07585fc0-84c5-4447-8c42-6bd3e0a586df.png,newton
test/f7be0cd3-1a63-47c5-90b6-209ff34e5bdc.png,newton
test/d8ad6eb0-6185-44c0-aa79-8ecb525c04e2.png,tree
test/8fe06489-7357-4fe5-ad8c-c04635c020d6.png,sierpinski
test/3c5d305f-8828-4710-ab52-2a460d7c284b.png,sierpinski_carpet
test/5b87bfed-4e0c-46b0-9dc5-d9e54df388c3.png,koch
test/9f84243e-32e4-43cf-9020-af84b409cb05.png,barnsley
test/892623ea-31fb-4788-90bc-a1a35ccee535.png,newton
test/410f4b08-1ff8-4808-ba33-baee96087676.png,julia
test/938092e7-8b3d-4f4c-8b9a-a0bf8094cfda.png,newton
test/bde698ad-8da4-4bf9-bcc6-fde9e72f3af1.png,koch
test/eb4f55bd-76d1-4363-82ba-035801245a7c.png,dragon
test/017706d6-d5d7-4d27-abbd-eeff8b22b002.png,barnsley
test/d2ffb79e-bb87-4422-8d30-051df886cf02.png,mandelbrot
test/8cffeef4-7535-4940-937b-b913f1135d95.png,tree
test/52cd10c7-e8d0-4daf-b51d-a1786182b7a0.png,newton
test/eb0ee55b-3d79-4601-a60a-55074462acef.png,newton
test/f2155019-66d0-476a-9985-c80ce3e4b5f8.png,sierpinski
test/4b235f8e-a0b2-45d7-ac15-0663672e9e0f.png,koch
test/569c9e83-4bb0-4136-bcc2-0fea36b3977a.png,sierpinski_carpet
test/e20e5f14-1304-4a97-ae2d-ad71a3c234e7.png,sierpinski_carpet
test/e9ce3408-b703-4ba0-adc2-79ed54f371b4.png,mandelbrot
test/2de9b432-19fb-407d-9c7e-904166a06323.png,tree
test/5f9d87da-3bd4-40e5-a22c-f495caa5a181.png,newton
test/126c0d18-9272-47f8-8543-53ad501df9ca.png,mandelbrot
test/f460fdfc-3f40-4c4f-aacb-c31b20664fdd.png,newton
test/489aa412-8a40-4f12-b79d-36042c89dae9.png,koch
test/328cea94-befe-4ebd-8525-1e47670d84e7.png,mandelbrot
test/1b6caf19-db93-4f65-b684-c0043845c70d.png,barnsley
test/03fe679a-b19c-48e2-8215-bbeb3e699a73.png,julia
test/903a7037-f173-43c8-a86f-1b95acba3dd0.png,barnsley
test/8e4e2b21-5dd1-4687-9841-bf2e69549f3a.png,julia
test/7f05e506-edca-420e-a1ee-4ab6a2d5d28e.png,mandelbrot
test/e2206909-2edf-4c16-972a-ffd2e21075f6.png,mandelbrot
test/2bd65cd4-123d-49d6-a1ca-12a16abc7173.png,barnsley
test/44971fa3-1ff2-458a-a43b-7050fb6bb415.png,julia
test/dfffcd0d-15ff-4000-8385-4c4a54e64035.png,julia
test/bf6681f3-9e38-431d-b4e1-7f5e14b15258.png,newton
test/b69ab41e-4ee1-41b4-bd0c-b875336e374f.png,julia
test/d1dc3259-cf12-42f3-8931-ef587a7e5af2.png,sierpinski
test/09614205-5d85-4d46-a46a-7817db5714d5.png,dragon
test/75579828-a1a2-4a1f-9e9d-aba0c24bbb24.png,sierpinski_carpet
test/c9ebba6c-5a04-4179-8cc8-1c35a87bddd8.png,mandelbrot
test/061a6e1c-0a24-4944-aee4-0dad9986afaa.png,newton
test/c20fb580-a5d8-443a-a9a7-7b5ef2b8286b.png,sierpinski_carpet
test/29ee6dcc-2ac7-40fc-8c55-9b49c95b05c1.png,julia
test/25eba0a7-38ec-4d6f-913c-6966e3d31b52.png,newton
test/558661c1-d76b-43ed-a82c-2d86d9503425.png,mandelbrot
test/a1573e64-d702-4c46-b642-3920fac345b5.png,sierpinski_carpet
test/948a42cc-3c01-4fdb-a067-217739a019e6.png,sierpinski
test/555bbebf-43cb-4def-8316-d3904a3b7219.png,tree
test/0c99bc14-f20d-42d0-aba7-6e9a05854ea0.png,newton
test/4a3f246e-7f05-4131-9e12-7e02f0cdd7bd.png,sierpinski
test/92999508-5c7a-458e-ab94-6fd008a6a7db.png,koch
test/0e7d788a-6bea-46b2-8302-3990bec3cdc8.png,julia
test/375f50a1-5161-4851-b56a-533a6d58d2ba.png,newton
test/3f39cc30-c00f-409c-8060-2acbfea1466e.png,julia
test/5f4ea9d7-90cd-468c-b1df-5444b783a567.png,barnsley
test/d6e1fdb7-690b-4d6c-97ae-98c833dfa778.png,tree
test/a59d9537-f033-4cb3-a07e-ecfadd1bffba.png,mandelbrot
test/6ee6bbb5-45f4-49fa-8ae4-300933b6b985.png,julia
test/ed90c11e-2cec-4d89-bfdc-8d02f6e94a7d.png,koch
test/95397fea-dbbe-4b62-8413-91933a8d0a0c.png,newton
test/c037acc9-0b94-4cbe-9866-c2f2f78945f5.png,julia
test/afc69fb5-4df7-4729-9715-86a12ccca0cb.png,sierpinski_carpet
test/afdaf17e-7e26-41c6-bd19-ab2e6caa7a65.png,newton
test/275ea983-1ecc-4b65-b2c6-150e43bbf2ff.png,dragon
test/8ac07d0f-9029-45e7-98c7-215c0e3db43e.png,dragon
test/2796c7f7-44c9-4998-a73d-2ae6c80c9d8f.png,newton
test/f2127124-d9c7-40d0-a8b9-8ee3d0cd3c36.png,sierpinski
test/df7744c4-b016-4e55-b92e-4b1c97de1731.png,sierpinski
test/514a12e3-6827-44ef-9683-55f37ec181da.png,newton
test/187fcf20-1241-4d98-bcf5-38151543d83a.png,koch
test/16996a28-ceff-4afe-b559-a31b23b45e4f.png,barnsley
test/da445a48-d076-43c7-b17c-42b392d5c9e3.png,tree
test/3938f484-6b95-40f9-847e-293a707fc90b.png,tree
test/571d4bc1-315f-4f8e-b0ce-58bed9c4a218.png,tree
test/cec6d354-0c08-43a8-9283-22047fd25f32.png,mandelbrot
test/a94249d7-bab9-4896-8f1c-b9b2e0d3050d.png,tree
test/a25e54ab-87e7-4092-8a5f-64428f3a3fa7.png,tree
test/d2781541-79fc-44d8-bfb7-8d5a81400c89.png,newton
test/5c75ed10-ce4f-477a-a231-395fd7ef0aad.png,tree
test/57bde63e-178f-4a07-a59a-53d609c0d92e.png,koch
test/810f8411-0fd8-4488-b6cc-38136b8159fb.png,julia
test/4ced27e3-f7dd-4dd1-b390-0e8d07300ad0.png,barnsley
test/2b38566a-1098-4617-9614-68b2f6128758.png,tree
test/a83e4bec-f9b2-4ab7-a2aa-6ce93fd4be40.png,barnsley
test/4db8dcd6-56e0-499c-a39e-1d0ed33a64aa.png,dragon
test/5ae77d17-2fd3-4d7b-b5f8-73db2d979663.png,sierpinski
test/026fced0-2f09-46e5-82e2-83351b3fc4cc.png,barnsley
test/e2e07c29-fc92-4dbe-974d-1c4ff30a4c67.png,julia
test/d9d2d3d7-2f4b-4c23-b139-56332bfdcf7d.png,mandelbrot
test/2921076b-1f1c-49d9-ae4a-5213d986a681.png,sierpinski
test/d8b164f2-04f4-4161-9a62-1fe5059c9319.png,julia
test/ffdd8ae4-f5c8-486d-894c-810d989344cf.png,sierpinski_carpet
test/a6e493ad-b87a-4543-b5ce-962039bb5526.png,tree
test/ce0b90b3-1a6f-4dac-ae84-00ec25a4973b.png,tree
test/aaa61ea4-47c0-4fd3-9099-862aa51491c0.png,koch
test/b84a7e5c-91de-47de-8d98-fb859a91c27d.png,dragon
test/5a6501c8-943c-41b7-80d7-b311dd32fd9f.png,barnsley
test/316ad2bc-3e5c-45a3-87ef-cd029bb44f85.png,sierpinski
test/9b9274f7-3c48-4a5a-ae26-87f0366dc90a.png,dragon
test/5f561ba5-3427-4933-9e38-6d96668bd632.png,koch
test/e548242e-7a71-4147-84a5-fb0d60ec282f.png,newton
test/bb663ab3-be09-4578-8f72-ad41da22a893.png,sierpinski
test/4cfdeb92-a98a-407f-a583-85442844bf9e.png,tree
test/26823b2f-57d8-40c9-a2ad-3ec572c59fdb.png,koch
test/57bdf997-f7dd-41be-8d26-2bdcb2fc2af9.png,tree
test/9ca128e1-0dd1-4e2f-bbf0-c184535bb563.png,barnsley
test/4143e64c-4bf6-4c7a-b01b-5274a00ee12b.png,sierpinski
test/68e3142c-9df5-4500-b695-9609ef05e9ae.png,newton
test/4cc5a3e0-b744-4e36-8fa0-0038f9db3b50.png,julia
test/18ba1864-a906-4504-b5cb-1f56ebe16c6c.png,julia
test/56aeca3a-ee6e-478d-9572-9a303673b2a0.png,newton
test/4880adbf-d32e-438f-9323-96ad0f65c83c.png,newton
test/7fafe0b2-c1c6-4079-9490-b89570b3854a.png,newton
test/f33fabc4-ad86-4c78-b9b6-4448623eb933.png,sierpinski
test/dc4f73b7-b048-431c-97f0-42417dda3080.png,newton
test/d3b44fac-0966-4329-bc63-0aec289b7275.png,sierpinski
test/6f433be8-8fea-4033-a2f9-1ab3ef53b675.png,newton
test/26aa0c9b-29e9-4529-b268-948f7230a80c.png,newton
test/ba8f4adb-dfc8-4e7c-87f2-0f023352eed6.png,sierpinski
test/5331e832-7496-4a89-94f0-751a5d39152f.png,barnsley
test/9f59b17f-d6f4-4ba6-973c-a53bd38b7b49.png,mandelbrot
test/00baafbe-ca64-449b-892c-93f7e16e2723.png,koch
test/c1e36c24-f821-415f-9ad8-607d2f056f53.png,barnsley
test/200dfdc0-6e7e-4b67-9a6e-51aa8216fa85.png,tree
test/f0556457-5ae2-4be5-9e42-3a6cdfb53978.png,koch
test/5257732a-3a55-494a-8fb4-1c8ae8cf1e04.png,newton
test/f8bdc5b2-5330-4764-b65d-46441730da3d.png,julia
test/55907e60-5670-4a7a-9ae0-cdabc2c69ce0.png,sierpinski_carpet
test/ee73f324-f74f-4d3c-999b-5897704e3cea.png,mandelbrot
test/322df4e1-f909-4fd7-8596-de363b9892d5.png,julia
test/9c30b418-75d9-44c1-b176-550d6718c5de.png,barnsley
test/d0680af4-2866-4a86-aa34-8a580b728273.png,tree
test/88e012ad-69ac-451b-9893-81f8140d5a4f.png,tree
test/517400b1-c2d1-477e-840d-e7bdb1f39406.png,barnsley
test/25705a14-6188-428f-83c2-5ee9eeb06e0b.png,barnsley
test/75354b6e-1a0a-4804-9dfb-1ffdbd44a781.png,julia
test/e308c624-5dea-48bc-ba44-243ce32aa08d.png,mandelbrot
test/f524d863-f95c-4717-8914-0ce1a42966f0.png,julia
test/e1cd08b4-30fe-4b6c-a9fb-e7b2fef317a3.png,newton
test/21792e70-b248-4b81-b983-053ac6e2fdeb.png,tree
test/2fb521e8-94db-4744-a06c-7c537c46beed.png,barnsley
test/7b4ab4d9-26d6-44e2-84aa-997dd2e94025.png,tree
test/452a5d3d-d30c-44d4-8726-a4dabf6fd696.png,sierpinski
